{"cameraMode":{"drawMode":0,"name":"Shaded","section":"Shading Mode"},"sceneLighting":false,"audioPlay":false,"sceneViewState":{"showFog":false,"showMaterialUpdate":false,"showSkybox":false,"showFlares":false,"showImageEffects":true,"showParticleSystems":true},"in2DMode":false,"pivot":{"x":999.3079223632813,"y":3.0236642360687258,"z":-55.08182907104492},"rotation":{"x":-0.04847470298409462,"y":-0.48841142654418948,"z":0.027186261489987375,"w":-0.8708418011665344},"size":0.057173073291778567,"orthographic":false}