{"cameraMode":{"drawMode":0,"name":"Shaded","section":"Shading Mode"},"sceneLighting":false,"audioPlay":false,"sceneViewState":{"showFog":false,"showMaterialUpdate":false,"showSkybox":false,"showFlares":false,"showImageEffects":true,"showParticleSystems":true},"in2DMode":false,"pivot":{"x":961.2366943359375,"y":12.944398880004883,"z":129.7718505859375},"rotation":{"x":-0.03711680695414543,"y":-0.9072757959365845,"z":0.0819740816950798,"w":-0.4107959270477295},"size":5.701070308685303,"orthographic":false}