{"cameraMode":{"drawMode":0,"name":"Shaded","section":"Shading Mode"},"sceneLighting":false,"audioPlay":false,"sceneViewState":{"showFog":false,"showMaterialUpdate":false,"showSkybox":false,"showFlares":false,"showImageEffects":true,"showParticleSystems":true},"in2DMode":false,"pivot":{"x":2009.7286376953125,"y":-7.653884410858154,"z":-6.209883689880371},"rotation":{"x":-0.015743674710392953,"y":-0.9738060832023621,"z":0.2153691202402115,"w":-0.07120472192764282},"size":30.754837036132814,"orthographic":false}