{"cameraMode":{"drawMode":0,"name":"Shaded","section":"Shading Mode"},"sceneLighting":false,"audioPlay":false,"sceneViewState":{"showFog":false,"showMaterialUpdate":false,"showSkybox":false,"showFlares":false,"showImageEffects":true,"showParticleSystems":true},"in2DMode":false,"pivot":{"x":1595.9505615234375,"y":226.58895874023438,"z":-406.79364013671877},"rotation":{"x":-0.22400985658168794,"y":-0.4801519811153412,"z":0.12829917669296266,"w":-0.8383394479751587},"size":5.248043060302734,"orthographic":false}