{"cameraMode":{"drawMode":0,"name":"Shaded","section":"Shading Mode"},"sceneLighting":false,"audioPlay":false,"sceneViewState":{"showFog":false,"showMaterialUpdate":false,"showSkybox":false,"showFlares":false,"showImageEffects":true,"showParticleSystems":true},"in2DMode":false,"pivot":{"x":2007.38427734375,"y":2.9476358890533449,"z":-37.57110595703125},"rotation":{"x":-0.0949980765581131,"y":0.8756713271141052,"z":-0.19225481152534486,"w":-0.43268153071403506},"size":2.5186049938201906,"orthographic":false}