{"cameraMode":{"drawMode":0,"name":"Shaded","section":"Shading Mode"},"sceneLighting":false,"audioPlay":false,"sceneViewState":{"showFog":false,"showMaterialUpdate":false,"showSkybox":false,"showFlares":false,"showImageEffects":true,"showParticleSystems":true},"in2DMode":false,"pivot":{"x":2028.9769287109375,"y":3.624821662902832,"z":-23.21938705444336},"rotation":{"x":0.004921739920973778,"y":0.932573139667511,"z":-0.01273193396627903,"w":0.36072295904159548},"size":0.2858803868293762,"orthographic":false}