{"cameraMode":{"drawMode":0,"name":"Shaded","section":"Shading Mode"},"sceneLighting":false,"audioPlay":false,"sceneViewState":{"showFog":false,"showMaterialUpdate":false,"showSkybox":false,"showFlares":false,"showImageEffects":true,"showParticleSystems":true},"in2DMode":false,"pivot":{"x":487.7232360839844,"y":222.29519653320313,"z":-161.52667236328126},"rotation":{"x":-0.04958636686205864,"y":-0.00263039767742157,"z":0.00012984275235794485,"w":-0.9987663626670837},"size":626.3684692382813,"orthographic":false}