{"cameraMode":{"drawMode":0,"name":"Shaded","section":"Shading Mode"},"sceneLighting":false,"audioPlay":false,"sceneViewState":{"showFog":false,"showMaterialUpdate":false,"showSkybox":false,"showFlares":false,"showImageEffects":true,"showParticleSystems":true},"in2DMode":false,"pivot":{"x":-44.45011520385742,"y":-55.985198974609378,"z":198.2721405029297},"rotation":{"x":-0.13542525470256806,"y":0.10418827831745148,"z":-0.014322211965918541,"w":-0.985190212726593},"size":233.35108947753907,"orthographic":false}