{"cameraMode":{"drawMode":0,"name":"Shaded","section":"Shading Mode"},"sceneLighting":false,"audioPlay":false,"sceneViewState":{"showFog":false,"showMaterialUpdate":false,"showSkybox":false,"showFlares":false,"showImageEffects":true,"showParticleSystems":true},"in2DMode":false,"pivot":{"x":128.49908447265626,"y":-18.300697326660158,"z":-4.96844482421875},"rotation":{"x":-0.055576711893081668,"y":0.0003640989016275853,"z":-0.000020666133423219435,"w":-0.9984543919563294},"size":652.156494140625,"orthographic":false}