{"cameraMode":{"drawMode":0,"name":"Shaded","section":"Shading Mode"},"sceneLighting":false,"audioPlay":false,"sceneViewState":{"showFog":false,"showMaterialUpdate":false,"showSkybox":false,"showFlares":false,"showImageEffects":true,"showParticleSystems":true},"in2DMode":false,"pivot":{"x":56.13318634033203,"y":243.52938842773438,"z":-424.7439270019531},"rotation":{"x":-0.029324835166335107,"y":-0.22557200491428376,"z":0.006792616564780474,"w":-0.9737613797187805},"size":21.558536529541017,"orthographic":false}