{"cameraMode":{"drawMode":0,"name":"Shaded","section":"Shading Mode"},"sceneLighting":false,"audioPlay":false,"sceneViewState":{"showFog":false,"showMaterialUpdate":false,"showSkybox":false,"showFlares":false,"showImageEffects":true,"showParticleSystems":true},"in2DMode":false,"pivot":{"x":2002.8353271484375,"y":2.5467472076416017,"z":22.60359764099121},"rotation":{"x":-0.013605698943138123,"y":-0.04461447894573212,"z":0.0006096711149439216,"w":-0.9989114999771118},"size":14.35808277130127,"orthographic":false}