{"cameraMode":{"drawMode":0,"name":"Shaded","section":"Shading Mode"},"sceneLighting":false,"audioPlay":false,"sceneViewState":{"showFog":false,"showMaterialUpdate":false,"showSkybox":false,"showFlares":false,"showImageEffects":true,"showParticleSystems":true},"in2DMode":false,"pivot":{"x":2009.0367431640625,"y":5.156551361083984,"z":-37.089385986328128},"rotation":{"x":0.011599358171224594,"y":0.9221475124359131,"z":-0.3856680691242218,"w":0.027740592136979104},"size":1.1696393489837647,"orthographic":false}