{"cameraMode":{"drawMode":0,"name":"Shaded","section":"Shading Mode"},"sceneLighting":false,"audioPlay":false,"sceneViewState":{"showFog":false,"showMaterialUpdate":false,"showSkybox":false,"showFlares":false,"showImageEffects":true,"showParticleSystems":true},"in2DMode":false,"pivot":{"x":479.4305114746094,"y":314.2325439453125,"z":0.63250732421875},"rotation":{"x":-0.04958292096853256,"y":0.009350535459816456,"z":-0.0004646852030418813,"w":-0.9987261295318604},"size":857.9663696289063,"orthographic":false}