{"cameraMode":{"drawMode":0,"name":"Shaded","section":"Shading Mode"},"sceneLighting":false,"audioPlay":false,"sceneViewState":{"showFog":false,"showMaterialUpdate":false,"showSkybox":false,"showFlares":false,"showImageEffects":true,"showParticleSystems":true},"in2DMode":false,"pivot":{"x":-1.055708885192871,"y":1.470000147819519,"z":-0.5208206176757813},"rotation":{"x":-0.013605698943138123,"y":-0.04461447894573212,"z":0.0006096711149439216,"w":-0.9989114999771118},"size":17.147302627563478,"orthographic":false}