{"cameraMode":{"drawMode":0,"name":"Shaded","section":"Shading Mode"},"sceneLighting":false,"audioPlay":false,"sceneViewState":{"showFog":false,"showMaterialUpdate":false,"showSkybox":false,"showFlares":false,"showImageEffects":true,"showParticleSystems":true},"in2DMode":false,"pivot":{"x":23.024635314941408,"y":-118.51705932617188,"z":188.31101989746095},"rotation":{"x":-0.22400985658168794,"y":-0.4801519811153412,"z":0.12829917669296266,"w":-0.8383394479751587},"size":2.8578836917877199,"orthographic":false}