{"cameraMode":{"drawMode":0,"name":"Shaded","section":"Shading Mode"},"sceneLighting":false,"audioPlay":false,"sceneViewState":{"showFog":false,"showMaterialUpdate":false,"showSkybox":false,"showFlares":false,"showImageEffects":true,"showParticleSystems":true},"in2DMode":false,"pivot":{"x":-0.10000000894069672,"y":7.400000095367432,"z":-5.042516708374023},"rotation":{"x":-0.03331905975937843,"y":0.38443195819854739,"z":-0.013886365108191967,"w":-0.9224473237991333},"size":2.8578836917877199,"orthographic":false}