{"cameraMode":{"drawMode":0,"name":"Shaded","section":"Shading Mode"},"sceneLighting":false,"audioPlay":false,"sceneViewState":{"showFog":false,"showMaterialUpdate":false,"showSkybox":false,"showFlares":false,"showImageEffects":true,"showParticleSystems":true},"in2DMode":false,"pivot":{"x":1594.881591796875,"y":227.1844940185547,"z":-405.1540832519531},"rotation":{"x":-0.18938347697257996,"y":-0.311606228351593,"z":0.06352410465478897,"w":-0.9289780259132385},"size":5.548043251037598,"orthographic":false}