{"cameraMode":{"drawMode":0,"name":"Shaded","section":"Shading Mode"},"sceneLighting":false,"audioPlay":false,"sceneViewState":{"showFog":false,"showMaterialUpdate":false,"showSkybox":false,"showFlares":false,"showImageEffects":true,"showParticleSystems":true},"in2DMode":false,"pivot":{"x":514.2022705078125,"y":201.03167724609376,"z":12.433320999145508},"rotation":{"x":-0.03345707058906555,"y":-0.2546418607234955,"z":0.008815144188702107,"w":-0.9664162993431091},"size":5.247951030731201,"orthographic":false}