{"cameraMode":{"drawMode":0,"name":"Shaded","section":"Shading Mode"},"sceneLighting":false,"audioPlay":false,"sceneViewState":{"showFog":false,"showMaterialUpdate":false,"showSkybox":false,"showFlares":false,"showImageEffects":true,"showParticleSystems":true},"in2DMode":false,"pivot":{"x":1005.2195434570313,"y":22.230243682861329,"z":-39.138916015625},"rotation":{"x":-0.17174169421195985,"y":0.009224960580468178,"z":-0.0016088366974145175,"w":-0.9850975275039673},"size":7.6582560539245609,"orthographic":false}