{"cameraMode":{"drawMode":0,"name":"Shaded","section":"Shading Mode"},"sceneLighting":false,"audioPlay":false,"sceneViewState":{"showFog":false,"showMaterialUpdate":false,"showSkybox":false,"showFlares":false,"showImageEffects":true,"showParticleSystems":true},"in2DMode":false,"pivot":{"x":454.0310974121094,"y":85.8011474609375,"z":-564.8787231445313},"rotation":{"x":0.09425143152475357,"y":-0.007105868775397539,"z":-0.0006732211331836879,"w":-0.9955228567123413},"size":118.06250762939453,"orthographic":false}