{"cameraMode":{"drawMode":0,"name":"Shaded","section":"Shading Mode"},"sceneLighting":false,"audioPlay":false,"sceneViewState":{"showFog":false,"showMaterialUpdate":false,"showSkybox":false,"showFlares":false,"showImageEffects":true,"showParticleSystems":true},"in2DMode":false,"pivot":{"x":477.1517028808594,"y":300.9533996582031,"z":669.1006469726563},"rotation":{"x":0.07631193846464157,"y":-0.014594539068639279,"z":-0.0011175913969054819,"w":-0.9969765543937683},"size":1577.6121826171875,"orthographic":false}