{"cameraMode":{"drawMode":0,"name":"Shaded","section":"Shading Mode"},"sceneLighting":false,"audioPlay":false,"sceneViewState":{"showFog":false,"showMaterialUpdate":false,"showSkybox":false,"showFlares":false,"showImageEffects":true,"showParticleSystems":true},"in2DMode":false,"pivot":{"x":1035.170166015625,"y":19.986431121826173,"z":144.65223693847657},"rotation":{"x":-0.006038476713001728,"y":0.9172466993331909,"z":-0.01390527281910181,"w":-0.3980311155319214},"size":1.076823353767395,"orthographic":false}