{"cameraMode":{"drawMode":0,"name":"Shaded","section":"Shading Mode"},"sceneLighting":false,"audioPlay":false,"sceneViewState":{"showFog":false,"showMaterialUpdate":false,"showSkybox":false,"showFlares":false,"showImageEffects":true,"showParticleSystems":true},"in2DMode":false,"pivot":{"x":0.7542695999145508,"y":0.5,"z":0.06557703018188477},"rotation":{"x":-0.017808731645345689,"y":-0.9458140134811401,"z":0.052648138254880908,"w":-0.31991705298423769},"size":0.2857884168624878,"orthographic":false}