{"cameraMode":{"drawMode":0,"name":"Shaded","section":"Shading Mode"},"sceneLighting":false,"audioPlay":false,"sceneViewState":{"showFog":false,"showMaterialUpdate":false,"showSkybox":false,"showFlares":false,"showImageEffects":true,"showParticleSystems":true},"in2DMode":false,"pivot":{"x":1999.3990478515625,"y":34.80141067504883,"z":3.7199018001556398},"rotation":{"x":-0.004606274887919426,"y":0.9511080980300903,"z":-0.3084976375102997,"w":-0.014192045666277409},"size":7.000357151031494,"orthographic":false}