{"cameraMode":{"drawMode":0,"name":"Shaded","section":"Shading Mode"},"sceneLighting":false,"audioPlay":false,"sceneViewState":{"showFog":false,"showMaterialUpdate":false,"showSkybox":false,"showFlares":false,"showImageEffects":true,"showParticleSystems":true},"in2DMode":false,"pivot":{"x":2000.823974609375,"y":1.9529999494552613,"z":12.552000045776368},"rotation":{"x":0.0012804185971617699,"y":0.9925578832626343,"z":-0.12131417542695999,"w":0.010493953712284565},"size":1.1696393489837647,"orthographic":false}