{"cameraMode":{"drawMode":0,"name":"Shaded","section":"Shading Mode"},"sceneLighting":false,"audioPlay":false,"sceneViewState":{"showFog":false,"showMaterialUpdate":false,"showSkybox":false,"showFlares":false,"showImageEffects":true,"showParticleSystems":true},"in2DMode":false,"pivot":{"x":413.09088134765627,"y":246.11631774902345,"z":-575.9923095703125},"rotation":{"x":-0.03459838032722473,"y":-0.005631893873214722,"z":0.00019449970568530262,"w":-0.999385416507721},"size":21.558536529541017,"orthographic":false}